Regional Təhsil İdarəsi;Rayon;Müəssisə
Bakı Şəhəri üzrə Təhsil İdarəsi;Binəqədi;"Bakı şəhəri ""Delfin"" uşaq bağçası"
Bakı Şəhəri üzrə Təhsil İdarəsi;Binəqədi;"Bakı şəhəri ""Sahil"" uşaq bağçası"
Bakı Şəhəri üzrə Təhsil İdarəsi;Binəqədi;Bakı şəhəri 138 nömrəli körpələr evi-uşaq bağçası
Bakı Şəhəri üzrə Təhsil İdarəsi;Binəqədi;Bakı şəhəri 141 nömrəli körpələr evi-uşaq bağçası
Bakı Şəhəri üzrə Təhsil İdarəsi;Binəqədi;Bakı şəhəri 151 nömrəli körpələr evi-uşaq bağçası
Bakı Şəhəri üzrə Təhsil İdarəsi;Binəqədi;Bakı şəhəri 153 nömrəli körpələr evi-uşaq bağçası
Bakı Şəhəri üzrə Təhsil İdarəsi;Binəqədi;Bakı şəhəri 158 nömrəli körpələr evi-uşaq bağçası
Bakı Şəhəri üzrə Təhsil İdarəsi;Binəqədi;Bakı şəhəri 159 nömrəli körpələr evi-uşaq bağçası
Bakı Şəhəri üzrə Təhsil İdarəsi;Binəqədi;Bakı şəhəri 177 nömrəli körpələr evi-uşaq bağçası
Bakı Şəhəri üzrə Təhsil İdarəsi;Binəqədi;Bakı şəhəri 178 nömrəli körpələr evi-uşaq bağçası
Bakı Şəhəri üzrə Təhsil İdarəsi;Binəqədi;Bakı şəhəri 193 nömrəli körpələr evi-uşaq bağçası
Bakı Şəhəri üzrə Təhsil İdarəsi;Binəqədi;Bakı şəhəri 210 nömrəli körpələr evi-uşaq bağçası
Bakı Şəhəri üzrə Təhsil İdarəsi;Binəqədi;Bakı şəhəri 211 nömrəli körpələr evi-uşaq bağçası
Bakı Şəhəri üzrə Təhsil İdarəsi;Binəqədi;Bakı şəhəri 215 nömrəli körpələr evi-uşaq bağçası
Bakı Şəhəri üzrə Təhsil İdarəsi;Binəqədi;Bakı şəhəri 219 nömrəli körpələr evi-uşaq bağçası
Bakı Şəhəri üzrə Təhsil İdarəsi;Binəqədi;Bakı şəhəri 234 nömrəli uşaq bağçası
Bakı Şəhəri üzrə Təhsil İdarəsi;Binəqədi;Bakı şəhəri 238 nömrəli körpələr evi-uşaq bağçası
Bakı Şəhəri üzrə Təhsil İdarəsi;Binəqədi;Bakı şəhəri 266 nömrəli körpələr evi-uşaq bağçası
Bakı Şəhəri üzrə Təhsil İdarəsi;Binəqədi;Bakı şəhəri 272 nömrəli körpələr evi-uşaq bağçası
Bakı Şəhəri üzrə Təhsil İdarəsi;Binəqədi;Bakı şəhəri 274 nömrəli körpələr evi-uşaq bağçası
Bakı Şəhəri üzrə Təhsil İdarəsi;Binəqədi;Bakı şəhəri 291 nömrəli körpələr evi-uşaq bağçası
Bakı Şəhəri üzrə Təhsil İdarəsi;Binəqədi;Bakı şəhəri 292 nömrəli uşaq bağçası
Bakı Şəhəri üzrə Təhsil İdarəsi;Binəqədi;Bakı şəhəri 294 nömrəli körpələr evi-uşaq bağçası
Bakı Şəhəri üzrə Təhsil İdarəsi;Binəqədi;Bakı şəhəri 295 nömrəli uşaq bağçası
Bakı Şəhəri üzrə Təhsil İdarəsi;Binəqədi;Bakı şəhəri 296 nömrəli uşaq bağçası
Bakı Şəhəri üzrə Təhsil İdarəsi;Binəqədi;Bakı şəhəri 297 nömrəli körpələr evi-uşaq bağçası
Bakı Şəhəri üzrə Təhsil İdarəsi;Binəqədi;Bakı şəhəri 298 nömrəli körpələr evi-uşaq bağçası
Bakı Şəhəri üzrə Təhsil İdarəsi;Binəqədi;Bakı şəhəri 327 nömrəli körpələr evi-uşaq bağçası
Bakı Şəhəri üzrə Təhsil İdarəsi;Binəqədi;Bakı şəhəri 328 nömrəli körpələr evi-uşaq bağçası
Bakı Şəhəri üzrə Təhsil İdarəsi;Binəqədi;Bakı şəhəri 329 nömrəli körpələr evi-uşaq bağçası
Bakı Şəhəri üzrə Təhsil İdarəsi;Binəqədi;Bakı şəhəri 348 nömrəli körpələr evi-uşaq bağçası
Bakı Şəhəri üzrə Təhsil İdarəsi;Binəqədi;Bakı şəhəri 35 nömrəli uşaq bağçası
Bakı Şəhəri üzrə Təhsil İdarəsi;Binəqədi;Bakı şəhəri 40 nömrəli körpələr evi-uşaq bağçası
Bakı Şəhəri üzrə Təhsil İdarəsi;Binəqədi;Bakı şəhəri 90 nömrəli körpələr evi-uşaq bağçası
Bakı Şəhəri üzrə Təhsil İdarəsi;Xətai;Bakı şəhəri 116 nömrəli körpələr evi-uşaq bağçası
Bakı Şəhəri üzrə Təhsil İdarəsi;Xətai;Bakı şəhəri 152 nömrəli körpələr evi-uşaq bağçası
Bakı Şəhəri üzrə Təhsil İdarəsi;Xətai;Bakı şəhəri 166 nömrəli körpələr evi-uşaq bağçası
Bakı Şəhəri üzrə Təhsil İdarəsi;Xətai;Bakı şəhəri 181 nömrəli körpələr evi-uşaq bağçası
Bakı Şəhəri üzrə Təhsil İdarəsi;Xətai;Bakı şəhəri 188 nömrəli körpələr evi-uşaq bağçası
Bakı Şəhəri üzrə Təhsil İdarəsi;Xətai;Bakı şəhəri 194 nömrəli körpələr evi-uşaq bağçası
Bakı Şəhəri üzrə Təhsil İdarəsi;Xətai;Bakı şəhəri 199 nömrəli körpələr evi-uşaq bağçası
Bakı Şəhəri üzrə Təhsil İdarəsi;Xətai;Bakı şəhəri 200 nömrəli körpələr evi-uşaq bağçası
Bakı Şəhəri üzrə Təhsil İdarəsi;Xətai;Bakı şəhəri 202 nömrəli körpələr evi-uşaq bağçası
Bakı Şəhəri üzrə Təhsil İdarəsi;Xətai;Bakı şəhəri 205 nömrəli körpələr evi-uşaq bağçası
Bakı Şəhəri üzrə Təhsil İdarəsi;Xətai;Bakı şəhəri 207 nömrəli körpələr evi-uşaq bağçası
Bakı Şəhəri üzrə Təhsil İdarəsi;Xətai;Bakı şəhəri 208 nömrəli körpələr evi-uşaq bağçası
Bakı Şəhəri üzrə Təhsil İdarəsi;Xətai;Bakı şəhəri 222 nömrəli körpələr evi-uşaq bağçası
Bakı Şəhəri üzrə Təhsil İdarəsi;Xətai;Bakı şəhəri 223 nömrəli körpələr evi-uşaq bağçası
Bakı Şəhəri üzrə Təhsil İdarəsi;Xətai;Bakı şəhəri 224 nömrəli körpələr evi-uşaq bağçası
Bakı Şəhəri üzrə Təhsil İdarəsi;Xətai;Bakı şəhəri 228 nömrəli körpələr evi-uşaq bağçası
Bakı Şəhəri üzrə Təhsil İdarəsi;Xətai;Bakı şəhəri 232 nömrəli körpələr evi-uşaq bağçası
Bakı Şəhəri üzrə Təhsil İdarəsi;Xətai;Bakı şəhəri 233 nömrəli körpələr evi-uşaq bağçası
Bakı Şəhəri üzrə Təhsil İdarəsi;Xətai;Bakı şəhəri 235 nömrəli körpələr evi-uşaq bağçası
Bakı Şəhəri üzrə Təhsil İdarəsi;Xətai;Bakı şəhəri 236 nömrəli körpələr evi-uşaq bağçası
Bakı Şəhəri üzrə Təhsil İdarəsi;Xətai;Bakı şəhəri 237 nömrəli körpələr evi-uşaq bağçası
Bakı Şəhəri üzrə Təhsil İdarəsi;Xətai;Bakı şəhəri 240 nömrəli körpələr evi-uşaq bağçası
Bakı Şəhəri üzrə Təhsil İdarəsi;Xətai;Bakı şəhəri 241 nömrəli körpələr evi-uşaq bağçası
Bakı Şəhəri üzrə Təhsil İdarəsi;Xətai;Bakı şəhəri 242 nömrəli körpələr evi-uşaq bağçası
Bakı Şəhəri üzrə Təhsil İdarəsi;Xətai;Bakı şəhəri 245 nömrəli körpələr evi-uşaq bağçası
Bakı Şəhəri üzrə Təhsil İdarəsi;Xətai;Bakı şəhəri 248 nömrəli körpələr evi-uşaq bağçası
Bakı Şəhəri üzrə Təhsil İdarəsi;Xətai;Bakı şəhəri 249 nömrəli körpələr evi-uşaq bağçası
Bakı Şəhəri üzrə Təhsil İdarəsi;Xətai;Bakı şəhəri 250 nömrəli körpələr evi-uşaq bağçası
Bakı Şəhəri üzrə Təhsil İdarəsi;Xətai;Bakı şəhəri 251 nömrəli körpələr evi-uşaq bağçası
Bakı Şəhəri üzrə Təhsil İdarəsi;Xətai;Bakı şəhəri 252 nömrəli körpələr evi-uşaq bağçası
Bakı Şəhəri üzrə Təhsil İdarəsi;Xətai;Bakı şəhəri 255 nömrəli körpələr evi-uşaq bağçası
Bakı Şəhəri üzrə Təhsil İdarəsi;Xətai;Bakı şəhəri 256 nömrəli körpələr evi-uşaq bağçası
Bakı Şəhəri üzrə Təhsil İdarəsi;Xətai;Bakı şəhəri 257 nömrəli körpələr evi-uşaq bağçası
Bakı Şəhəri üzrə Təhsil İdarəsi;Xətai;Bakı şəhəri 271 nömrəli körpələr evi-uşaq bağçası
Bakı Şəhəri üzrə Təhsil İdarəsi;Xətai;Bakı şəhəri 288 nömrəli körpələr evi-uşaq bağçası
Bakı Şəhəri üzrə Təhsil İdarəsi;Xətai;Bakı şəhəri 315 nömrəli körpələr evi-uşaq bağçası
Bakı Şəhəri üzrə Təhsil İdarəsi;Xətai;Bakı şəhəri 316 nömrəli körpələr evi-uşaq bağçası
Bakı Şəhəri üzrə Təhsil İdarəsi;Xətai;Bakı şəhəri 335 nömrəli körpələr evi-uşaq bağçası
Bakı Şəhəri üzrə Təhsil İdarəsi;Xətai;Bakı şəhəri 55 nömrəli körpələr evi-uşaq bağçası
Bakı Şəhəri üzrə Təhsil İdarəsi;Xətai;Bakı şəhəri 72 nömrəli körpələr evi-uşaq bağçası
Bakı Şəhəri üzrə Təhsil İdarəsi;Xətai;Bakı şəhəri 8 nömrəli körpələr evi-uşaq bağçası
Bakı Şəhəri üzrə Təhsil İdarəsi;Xətai;Bakı şəhəri 88 nömrəli körpələr evi-uşaq bağçası
Bakı Şəhəri üzrə Təhsil İdarəsi;Xətai;Bakı şəhəri Alim Məmmədov adına körpələr evi-uşaq bağçası
Bakı Şəhəri üzrə Təhsil İdarəsi;Xətai;Bakı şəhəri Elman Məmmədov adına körpələr evi-uşaq bağçası
Bakı Şəhəri üzrə Təhsil İdarəsi;Xəzər;"Bakı şəhəri ""İnci"" körpələr evi-uşaq bağçası"
Bakı Şəhəri üzrə Təhsil İdarəsi;Xəzər;Bakı şəhəri 144 nömrəli körpələr evi- uşaq bağçası
Bakı Şəhəri üzrə Təhsil İdarəsi;Xəzər;Bakı şəhəri 2 nömrəli uşaq bağçası
Bakı Şəhəri üzrə Təhsil İdarəsi;Xəzər;Bakı şəhəri 212 nömrəli uşaq bağçası
Bakı Şəhəri üzrə Təhsil İdarəsi;Xəzər;Bakı şəhəri 214 nömrəli uşaq bağçası
Bakı Şəhəri üzrə Təhsil İdarəsi;Xəzər;Bakı şəhəri 218 nömrəli körpələr evi-uşaq bağçası
Bakı Şəhəri üzrə Təhsil İdarəsi;Xəzər;Bakı şəhəri 221 nömrəli körpələr evi-uşaq bağçası
Bakı Şəhəri üzrə Təhsil İdarəsi;Xəzər;Bakı şəhəri 229 nömrəli körpələr evi-uşaq bağçası
Bakı Şəhəri üzrə Təhsil İdarəsi;Xəzər;Bakı şəhəri 244 nömrəli uşaq bağçası
Bakı Şəhəri üzrə Təhsil İdarəsi;Xəzər;Bakı şəhəri 246 nömrəli körpələr evi-uşaq bağçası
Bakı Şəhəri üzrə Təhsil İdarəsi;Xəzər;Bakı şəhəri 285 nömrəli körpələr evi-uşaq bağçası
Bakı Şəhəri üzrə Təhsil İdarəsi;Xəzər;Bakı şəhəri 289 nömrəli körpələr evi-uşaq bağçası
Bakı Şəhəri üzrə Təhsil İdarəsi;Xəzər;Bakı şəhəri 317 nömrəli uşaq bağçası
Bakı Şəhəri üzrə Təhsil İdarəsi;Xəzər;Bakı şəhəri 340 nömrəli körpələr evi-uşaq bağçası
Bakı Şəhəri üzrə Təhsil İdarəsi;Xəzər;Bakı şəhəri 343 nömrəli körpələr evi-uşaq bağçası
Bakı Şəhəri üzrə Təhsil İdarəsi;Xəzər;Bakı şəhəri 41 nömrəli körpələr evi-uşaq bağçası
Bakı Şəhəri üzrə Təhsil İdarəsi;Xəzər;Bakı şəhəri 51 nömrəli körpələr evi-uşaq bağçası
Bakı Şəhəri üzrə Təhsil İdarəsi;Xəzər;Bakı şəhəri 61 nömrəli uşaq bağçası
Bakı Şəhəri üzrə Təhsil İdarəsi;Xəzər;Bakı şəhəri 63 nömrəli uşaq bağçası
Bakı Şəhəri üzrə Təhsil İdarəsi;Xəzər;Bakı şəhəri 66 nömrəli körpələr evi-uşaq bağçası
Bakı Şəhəri üzrə Təhsil İdarəsi;Xəzər;Bakı şəhəri 78 nömrəli körpələr evi-uşaq bağçası
Bakı Şəhəri üzrə Təhsil İdarəsi;Xəzər;Bakı şəhəri 84 nömrəli körpələr evi-uşaq bağçası
Bakı Şəhəri üzrə Təhsil İdarəsi;Xəzər;Bakı şəhəri Firuz İbrahimov adına 213 nömrəli körpələr evi-uşaq bağçası
Bakı Şəhəri üzrə Təhsil İdarəsi;Qaradağ;"Bakı şəhəri ""Aynur"" körpələr evi-uşaq bağçası"
Bakı Şəhəri üzrə Təhsil İdarəsi;Qaradağ;"Bakı şəhəri ""Bülbül"" körpələr evi-uşaq bağçası"
Bakı Şəhəri üzrə Təhsil İdarəsi;Qaradağ;"Bakı şəhəri ""Çiçək"" körpələr evi-uşaq bağçası"
Bakı Şəhəri üzrə Təhsil İdarəsi;Qaradağ;"Bakı şəhəri ""Gəlincik"" uşaq bağçası"
Bakı Şəhəri üzrə Təhsil İdarəsi;Qaradağ;"Bakı şəhəri ""Qaranquş"" körpələr evi-uşaq bağçası"
Bakı Şəhəri üzrə Təhsil İdarəsi;Qaradağ;"Bakı şəhəri ""Nağıl"" körpələr evi-uşaq bağçası"
Bakı Şəhəri üzrə Təhsil İdarəsi;Qaradağ;"Bakı şəhəri ""Sevinc"" körpələr evi-uşaq bağçası"
Bakı Şəhəri üzrə Təhsil İdarəsi;Qaradağ;"Bakı şəhəri ""Şəngülüm"" körpələr evi-uşaq bağçası"
Bakı Şəhəri üzrə Təhsil İdarəsi;Qaradağ;Bakı şəhəri 15 nömrəli körpələr evi-uşaq bağçası
Bakı Şəhəri üzrə Təhsil İdarəsi;Qaradağ;Bakı şəhəri 20 nömrəli körpələr evi-uşaq bağçası
Bakı Şəhəri üzrə Təhsil İdarəsi;Qaradağ;Bakı şəhəri 204 nömrəli körpələr evi-uşaq bağçası
Bakı Şəhəri üzrə Təhsil İdarəsi;Qaradağ;Bakı şəhəri 28 nömrəli uşaq bağçası
Bakı Şəhəri üzrə Təhsil İdarəsi;Qaradağ;Bakı şəhəri 299 nömrəli körpələr evi-uşaq bağçası
Bakı Şəhəri üzrə Təhsil İdarəsi;Qaradağ;Bakı şəhəri 300 nömrəli körpələr evi-uşaq bağçası
Bakı Şəhəri üzrə Təhsil İdarəsi;Qaradağ;Bakı şəhəri 301 nömrəli körpələr evi-uşaq bağçası
Bakı Şəhəri üzrə Təhsil İdarəsi;Qaradağ;Bakı şəhəri 326 nömrəli körpələr evi-uşaq bağçası
Bakı Şəhəri üzrə Təhsil İdarəsi;Qaradağ;Bakı şəhəri 333 nömrəli körpələr evi-uşaq bağçası
Bakı Şəhəri üzrə Təhsil İdarəsi;Qaradağ;Bakı şəhəri 334 nömrəli körpələr evi-uşaq bağçası
Bakı Şəhəri üzrə Təhsil İdarəsi;Qaradağ;Bakı şəhəri 344 nömrəli körpələr evi-uşaq bağçası
Bakı Şəhəri üzrə Təhsil İdarəsi;Qaradağ;Bakı şəhəri 67 nömrəli körpələr evi-uşaq bağçası
Bakı Şəhəri üzrə Təhsil İdarəsi;Qaradağ;Bakı şəhəri Bəxtiyar Əliyev adına körpələr evi-uşaq bağçası
Bakı Şəhəri üzrə Təhsil İdarəsi;Qaradağ;Bakı şəhəri Daşqın Bəkirov adına körpələr evi-uşaq bağçası
Bakı Şəhəri üzrə Təhsil İdarəsi;Qaradağ;Bakı şəhəri Vüqar Əsədov adına körpələr evi-uşaq bağçası
Bakı Şəhəri üzrə Təhsil İdarəsi;Nərimanov;101 nömrəli Körpələr evi Uşaq bağçası
Bakı Şəhəri üzrə Təhsil İdarəsi;Nərimanov;Bakı şəhəri 134 nömrəli uşaq bağçası
Bakı Şəhəri üzrə Təhsil İdarəsi;Nərimanov;Bakı şəhəri 148 nömrəli körpələr evi-uşaq bağçası
Bakı Şəhəri üzrə Təhsil İdarəsi;Nərimanov;Bakı şəhəri 164 nömrəli körpələr evi-uşaq bağçası
Bakı Şəhəri üzrə Təhsil İdarəsi;Nərimanov;Bakı şəhəri 165 nömrəli körpələr-evi uşaq bağçası
Bakı Şəhəri üzrə Təhsil İdarəsi;Nərimanov;Bakı şəhəri 168 nömrəli körpələr evi-uşaq bağçası
Bakı Şəhəri üzrə Təhsil İdarəsi;Nərimanov;Bakı şəhəri 180 nömrəli körpələr evi-uşaq bağçası
Bakı Şəhəri üzrə Təhsil İdarəsi;Nərimanov;Bakı şəhəri 182 nömrəli körpələr evi-uşaq bağçası
Bakı Şəhəri üzrə Təhsil İdarəsi;Nərimanov;Bakı şəhəri 183 nömrəli körpələr evi-uşaq bağçası
Bakı Şəhəri üzrə Təhsil İdarəsi;Nərimanov;Bakı şəhəri 185 nömrəli uşaq bağçası
Bakı Şəhəri üzrə Təhsil İdarəsi;Nərimanov;Bakı şəhəri 259 nömrəli uşaq bağçası
Bakı Şəhəri üzrə Təhsil İdarəsi;Nərimanov;Bakı şəhəri 303 nömrəli körpələr evi-uşaq bağçası
Bakı Şəhəri üzrə Təhsil İdarəsi;Nərimanov;Bakı şəhəri 304 nömrəli körpələr evi-uşaq bağçası
Bakı Şəhəri üzrə Təhsil İdarəsi;Nərimanov;Bakı şəhəri 305 nömrəli körpələr evi-uşaq bağçası
Bakı Şəhəri üzrə Təhsil İdarəsi;Nərimanov;Bakı şəhəri 306 nömrəli uşaq bağçası
Bakı Şəhəri üzrə Təhsil İdarəsi;Nərimanov;Bakı şəhəri 307 nömrəli uşaq bağçası
Bakı Şəhəri üzrə Təhsil İdarəsi;Nərimanov;Bakı şəhəri 4 nömrəli uşaq bağçası
Bakı Şəhəri üzrə Təhsil İdarəsi;Nərimanov;Bakı şəhəri 42 nömrəli körpələr evi-uşaq bağçası
Bakı Şəhəri üzrə Təhsil İdarəsi;Nərimanov;Bakı şəhəri 49 nömrəli körpələr evi-uşaq bağçası
Bakı Şəhəri üzrə Təhsil İdarəsi;Nərimanov;Bakı şəhəri 56 nömrəli körpələr evi-uşaq bağçası
Bakı Şəhəri üzrə Təhsil İdarəsi;Nərimanov;Bakı şəhəri 58 nömrəli uşaq bağçası
Bakı Şəhəri üzrə Təhsil İdarəsi;Nərimanov;Bakı şəhəri 64 nömrəli körpələr evi-uşaq bağçası
Bakı Şəhəri üzrə Təhsil İdarəsi;Nərimanov;Bakı şəhəri 69 nömrəli körpələr evi-uşaq bağçası
Bakı Şəhəri üzrə Təhsil İdarəsi;Nərimanov;Bakı şəhəri 71 nömrəli körpələr evi-uşaq bağçası
Bakı Şəhəri üzrə Təhsil İdarəsi;Nərimanov;Bakı şəhəri 80 nömrəli körpələr evi-uşaq bağçası
Bakı Şəhəri üzrə Təhsil İdarəsi;Nərimanov;Bakı şəhəri 89 nömrəli sanator tipli uşaq bağçası
Bakı Şəhəri üzrə Təhsil İdarəsi;Nərimanov;Bakı şəhəri Azər Qasımov adına 37 nömrəli körpələr evi-uşaq bağçası
Bakı Şəhəri üzrə Təhsil İdarəsi;Nəsimi;"Bakı şəhəri ""Dalğa"" körpələr evi uşaq bağçası"
Bakı Şəhəri üzrə Təhsil İdarəsi;Nəsimi;"Bakı şəhəri ""Qərənfil"" körpələr evi-uşaq bağçası"
Bakı Şəhəri üzrə Təhsil İdarəsi;Nəsimi;Bakı şəhəri 100 nömrəli körpələr evi-uşaq bağçası
Bakı Şəhəri üzrə Təhsil İdarəsi;Nəsimi;Bakı şəhəri 102 nömrəli körpələr evi-uşaq bağçası
Bakı Şəhəri üzrə Təhsil İdarəsi;Nəsimi;Bakı şəhəri 108 nömrəli uşaq bağçası
Bakı Şəhəri üzrə Təhsil İdarəsi;Nəsimi;Bakı şəhəri 111 nömrəli uşaq bağçası
Bakı Şəhəri üzrə Təhsil İdarəsi;Nəsimi;Bakı şəhəri 112 nömrəli uşaq bağçası
Bakı Şəhəri üzrə Təhsil İdarəsi;Nəsimi;Bakı şəhəri 114 nömrəli körpələr evi-uşaq bağçası
Bakı Şəhəri üzrə Təhsil İdarəsi;Nəsimi;Bakı şəhəri 115 nömrəli körpələr evi-uşaq bağçası
Bakı Şəhəri üzrə Təhsil İdarəsi;Nəsimi;Bakı şəhəri 119 nömrəli uşaq bağçası
Bakı Şəhəri üzrə Təhsil İdarəsi;Nəsimi;Bakı şəhəri 123 nömrəli uşaq bağçası
Bakı Şəhəri üzrə Təhsil İdarəsi;Nəsimi;Bakı şəhəri 127 nömrəli körpələr evi-uşaq bağçası
Bakı Şəhəri üzrə Təhsil İdarəsi;Nəsimi;Bakı şəhəri 132 nömrəli körpələr evi-uşaq bağçası
Bakı Şəhəri üzrə Təhsil İdarəsi;Nəsimi;Bakı şəhəri 135 nömrəli uşaq bağçası
Bakı Şəhəri üzrə Təhsil İdarəsi;Nəsimi;Bakı şəhəri 139 nömrəli körpələr evi uşaq bağçası
Bakı Şəhəri üzrə Təhsil İdarəsi;Nəsimi;Bakı şəhəri 146 nömrəli körpələr evi-uşaq bağçası
Bakı Şəhəri üzrə Təhsil İdarəsi;Nəsimi;Bakı şəhəri 147 nömrəli körpələr evi-uşaq bağçası
Bakı Şəhəri üzrə Təhsil İdarəsi;Nəsimi;Bakı şəhəri 16 nömrəli körpələr evi-uşaq bağçası
Bakı Şəhəri üzrə Təhsil İdarəsi;Nəsimi;Bakı şəhəri 162 nömrəli körpələr evi-uşaq bağçası
Bakı Şəhəri üzrə Təhsil İdarəsi;Nəsimi;Bakı şəhəri 174 nömrəli körpələr evi-uşaq bağçası
Bakı Şəhəri üzrə Təhsil İdarəsi;Nəsimi;Bakı şəhəri 18 nömrəli körpələr evi-uşaq bağçası
Bakı Şəhəri üzrə Təhsil İdarəsi;Nəsimi;Bakı şəhəri 22 nömrəli körpələr evi-uşaq bağçası
Bakı Şəhəri üzrə Təhsil İdarəsi;Nəsimi;Bakı şəhəri 29 nömrəli körpələr evi-uşaq bağçası
Bakı Şəhəri üzrə Təhsil İdarəsi;Nəsimi;Bakı şəhəri 352 nömrəli körpələr evi-uşaq bağçası
Bakı Şəhəri üzrə Təhsil İdarəsi;Nəsimi;Bakı şəhəri 45 nömrəli körpələr evi-uşaq bağçası
Bakı Şəhəri üzrə Təhsil İdarəsi;Nəsimi;Bakı şəhəri 52 nömrəli körpələr evi-uşaq bağçası
Bakı Şəhəri üzrə Təhsil İdarəsi;Nəsimi;Bakı şəhəri 6 nömrəli körpələr evi-uşaq bağçası
Bakı Şəhəri üzrə Təhsil İdarəsi;Nəsimi;Bakı şəhəri 74 nömrəli körpələr evi-uşaq bağçası
Bakı Şəhəri üzrə Təhsil İdarəsi;Nəsimi;Bakı şəhəri 75 nömrəli körpələr evi-uşaq bağçası
Bakı Şəhəri üzrə Təhsil İdarəsi;Nəsimi;Bakı şəhəri 76 nömrəli körpələr evi-uşaq bağçası
Bakı Şəhəri üzrə Təhsil İdarəsi;Nəsimi;Bakı şəhəri 92 nömrəli körpələr evi-uşaq bağçası
Bakı Şəhəri üzrə Təhsil İdarəsi;Nəsimi;Bakı şəhəri 96 nömrəli körpələr evi-uşaq bağçası
Bakı Şəhəri üzrə Təhsil İdarəsi;Nizami;"Bakı şəhəri ""Bənövşə"" uşaq bağçası"
Bakı Şəhəri üzrə Təhsil İdarəsi;Nizami;"Bakı şəhəri ""Günəş"" körpələr evi-uşaq bağçası"
Bakı Şəhəri üzrə Təhsil İdarəsi;Nizami;Bakı şəhəri 103 nömrəli körpələr evi-uşaq bağçası
Bakı Şəhəri üzrə Təhsil İdarəsi;Nizami;Bakı şəhəri 110 nömrəli körpələr evi-uşaq bağçası
Bakı Şəhəri üzrə Təhsil İdarəsi;Nizami;Bakı şəhəri 113 nömrəli körpələr evi-uşaq bağçası
Bakı Şəhəri üzrə Təhsil İdarəsi;Nizami;Bakı şəhəri 118 nömrəli körpələr evi-uşaq bağçası
Bakı Şəhəri üzrə Təhsil İdarəsi;Nizami;Bakı şəhəri 122 nömrəli körpələr evi-uşaq bağçası
Bakı Şəhəri üzrə Təhsil İdarəsi;Nizami;Bakı şəhəri 125 nömrəli körpələr evi-uşaq bağçası
Bakı Şəhəri üzrə Təhsil İdarəsi;Nizami;Bakı şəhəri 129 nömrəli körpələr evi-uşaq bağçası
Bakı Şəhəri üzrə Təhsil İdarəsi;Nizami;Bakı şəhəri 172 nömrəli körpələr evi-uşaq bağçası
Bakı Şəhəri üzrə Təhsil İdarəsi;Nizami;Bakı şəhəri 175 nömrəli körpələr evi-uşaq bağçası
Bakı Şəhəri üzrə Təhsil İdarəsi;Nizami;Bakı şəhəri 190 nömrəli körpələr evi-uşaq bağçası
Bakı Şəhəri üzrə Təhsil İdarəsi;Nizami;Bakı şəhəri 264 nömrəli körpələr evi-uşaq bağçası
Bakı Şəhəri üzrə Təhsil İdarəsi;Nizami;Bakı şəhəri 309 nömrəli körpələr evi-uşaq bağçası
Bakı Şəhəri üzrə Təhsil İdarəsi;Nizami;Bakı şəhəri 31 nömrəli körpələr evi- uşaq bağçası
Bakı Şəhəri üzrə Təhsil İdarəsi;Nizami;Bakı şəhəri 59 nömrəli körpələr evi- uşaq bağçası
Bakı Şəhəri üzrə Təhsil İdarəsi;Nizami;Bakı şəhəri Etibar Ömərov adına uşaq bağçası
Bakı Şəhəri üzrə Təhsil İdarəsi;Nizami;Bakı şəhəri Nəriman Qəhrəmanov adına körpələr evi-uşaq bağçası
Bakı Şəhəri üzrə Təhsil İdarəsi;Nizami;Bakı şəhəri Şahin Abbasov adına körpələr evi-uşaq bağçası
Bakı Şəhəri üzrə Təhsil İdarəsi;Pirallahı;"Bakı şəhəri ""Bulaq"" körpələr evi-uşaq bağçası"
Bakı Şəhəri üzrə Təhsil İdarəsi;Pirallahı;"Bakı şəhəri ""Cırtdan"" körpələr evi-uşaq bağçası"
Bakı Şəhəri üzrə Təhsil İdarəsi;Pirallahı;"Bakı şəhəri ""Çobanyastığı"" körpələr evi-uşaq bağçası"
Bakı Şəhəri üzrə Təhsil İdarəsi;Pirallahı;"Bakı şəhəri ""Qağayı"" uşaq bağçası"
Bakı Şəhəri üzrə Təhsil İdarəsi;Sabunçu;"Bakı şəhəri ""Araz"" körpələr evi-uşaq bağçası"
Bakı Şəhəri üzrə Təhsil İdarəsi;Sabunçu;"Bakı şəhəri ""Lalə"" uşaq bağçası"
Bakı Şəhəri üzrə Təhsil İdarəsi;Sabunçu;"Bakı şəhəri ""Sünbül"" körpələr evi-uşaq bağçası"
Bakı Şəhəri üzrə Təhsil İdarəsi;Sabunçu;"Bakı şəhəri ""Süsən"" körpələr evi-uşaq bağçası"
Bakı Şəhəri üzrə Təhsil İdarəsi;Sabunçu;"Bakı şəhəri ""Yasəmən"" uşaq bağçası"
Bakı Şəhəri üzrə Təhsil İdarəsi;Sabunçu;Bakı şəhəri 105 nömrəli körpələr evi-uşaq bağçası
Bakı Şəhəri üzrə Təhsil İdarəsi;Sabunçu;Bakı şəhəri 107 nömrəli körpələr evi-uşaq bağçası
Bakı Şəhəri üzrə Təhsil İdarəsi;Sabunçu;Bakı şəhəri 109 nömrəli körpələr evi-uşaq bağçası
Bakı Şəhəri üzrə Təhsil İdarəsi;Sabunçu;Bakı şəhəri 167 nömrəli körpələr evi-uşaq bağçası
Bakı Şəhəri üzrə Təhsil İdarəsi;Sabunçu;Bakı şəhəri 169 nömrəli körpələr evi-uşaq bağçası
Bakı Şəhəri üzrə Təhsil İdarəsi;Sabunçu;Bakı şəhəri 187 nömrəli uşaq bağçası
Bakı Şəhəri üzrə Təhsil İdarəsi;Sabunçu;Bakı şəhəri 191 nömrəli körpələr evi-uşaq bağçası
Bakı Şəhəri üzrə Təhsil İdarəsi;Sabunçu;Bakı şəhəri 192 nömrəli körpələr evi-uşaq bağçası
Bakı Şəhəri üzrə Təhsil İdarəsi;Sabunçu;Bakı şəhəri 195 nömrəli körpələr evi-uşaq bağçası
Bakı Şəhəri üzrə Təhsil İdarəsi;Sabunçu;Bakı şəhəri 197 nömrəli uşaq bağçası
Bakı Şəhəri üzrə Təhsil İdarəsi;Sabunçu;Bakı şəhəri 198 nömrəli körpələr evi-uşaq bağçası
Bakı Şəhəri üzrə Təhsil İdarəsi;Sabunçu;Bakı şəhəri 225 nömrəli uşaq bağçası
Bakı Şəhəri üzrə Təhsil İdarəsi;Sabunçu;Bakı şəhəri 226 nömrəli körpələr evi-uşaq bağçası
Bakı Şəhəri üzrə Təhsil İdarəsi;Sabunçu;Bakı şəhəri 227 nömrəli uşaq bağçası
Bakı Şəhəri üzrə Təhsil İdarəsi;Sabunçu;Bakı şəhəri 230 nömrəli körpələr evi-uşaq bağçası
Bakı Şəhəri üzrə Təhsil İdarəsi;Sabunçu;Bakı şəhəri 239 nömrəli körpələr evi-uşaq bağçası
Bakı Şəhəri üzrə Təhsil İdarəsi;Sabunçu;Bakı şəhəri 247 nömrəli uşaq bağçası
Bakı Şəhəri üzrə Təhsil İdarəsi;Sabunçu;Bakı şəhəri 254 nömrəli uşaq bağçası
Bakı Şəhəri üzrə Təhsil İdarəsi;Sabunçu;Bakı şəhəri 260 nömrəli körpələr evi-uşaq bağçası
Bakı Şəhəri üzrə Təhsil İdarəsi;Sabunçu;Bakı şəhəri 281 nömrəli körpələr evi-uşaq bağçası
Bakı Şəhəri üzrə Təhsil İdarəsi;Sabunçu;Bakı şəhəri 282 nömrəli körpələr evi-uşaq bağçası
Bakı Şəhəri üzrə Təhsil İdarəsi;Sabunçu;Bakı şəhəri 284 nömrəli körpələr evi-uşaq bağçası
Bakı Şəhəri üzrə Təhsil İdarəsi;Sabunçu;Bakı şəhəri 287 nömrəli körpələr evi-uşaq bağçası
Bakı Şəhəri üzrə Təhsil İdarəsi;Sabunçu;Bakı şəhəri 3 nömrəli uşaq bağçası
Bakı Şəhəri üzrə Təhsil İdarəsi;Sabunçu;Bakı şəhəri 310 nömrəli uşaq bağçası
Bakı Şəhəri üzrə Təhsil İdarəsi;Sabunçu;Bakı şəhəri 319 nömrəli körpələr evi-uşaq bağçası
Bakı Şəhəri üzrə Təhsil İdarəsi;Sabunçu;Bakı şəhəri 320 nömrəli körpələr evi-uşaq bağçası
Bakı Şəhəri üzrə Təhsil İdarəsi;Sabunçu;Bakı şəhəri 321 nömrəli uşaq bağçası
Bakı Şəhəri üzrə Təhsil İdarəsi;Sabunçu;Bakı şəhəri 336 nömrəli körpələr evi-uşaq bağçası
Bakı Şəhəri üzrə Təhsil İdarəsi;Sabunçu;Bakı şəhəri 337 nömrəli körpələr evi-uşaq bağçası
Bakı Şəhəri üzrə Təhsil İdarəsi;Sabunçu;Bakı şəhəri 347 nömrəli körpələr evi-uşaq bağçası
Bakı Şəhəri üzrə Təhsil İdarəsi;Sabunçu;Bakı şəhəri 349 nömrəli körpələr evi-uşaq bağçası
Bakı Şəhəri üzrə Təhsil İdarəsi;Sabunçu;Bakı şəhəri 53 nömrəli uşaq bağçası
Bakı Şəhəri üzrə Təhsil İdarəsi;Sabunçu;Bakı şəhəri 7 nömrəli körpələr evi-uşaq bağçası
Bakı Şəhəri üzrə Təhsil İdarəsi;Sabunçu;Bakı şəhəri 86 nömrəli körpələr evi-uşaq bağçası
Bakı Şəhəri üzrə Təhsil İdarəsi;Sabunçu;Bakı şəhəri 9 nömrəli sanator tipli körpələr evi-uşaq bağçası
Bakı Şəhəri üzrə Təhsil İdarəsi;Səbail;"Bakı şəhəri ""Könül"" körpələr evi-uşaq bağçası"
Bakı Şəhəri üzrə Təhsil İdarəsi;Səbail;"Bakı şəhəri ""Turac"" körpələr evi-uşaq bağçası"
Bakı Şəhəri üzrə Təhsil İdarəsi;Səbail;Bakı şəhəri 13 nömrəli körpələr evi-uşaq bağçası
Bakı Şəhəri üzrə Təhsil İdarəsi;Səbail;Bakı şəhəri 130 nömrəli uşaq bağçası
Bakı Şəhəri üzrə Təhsil İdarəsi;Səbail;Bakı şəhəri 136 nömrəli körpələr evi-uşaq bağçası
Bakı Şəhəri üzrə Təhsil İdarəsi;Səbail;Bakı şəhəri 157 nömrəli uşaq bağçası
Bakı Şəhəri üzrə Təhsil İdarəsi;Səbail;Bakı şəhəri 25 nömrəli uşaq bağçası
Bakı Şəhəri üzrə Təhsil İdarəsi;Səbail;Bakı şəhəri 33 nömrəli körpələr evi-uşaq bağçası
Bakı Şəhəri üzrə Təhsil İdarəsi;Səbail;Bakı şəhəri 332 nömrəli körpələr evi-uşaq bağçası
Bakı Şəhəri üzrə Təhsil İdarəsi;Səbail;Bakı şəhəri 339 nömrəli körpələr evi-uşaq bağçası
Bakı Şəhəri üzrə Təhsil İdarəsi;Səbail;Bakı şəhəri 39 nömrəli uşaq bağçası
Bakı Şəhəri üzrə Təhsil İdarəsi;Səbail;Bakı şəhəri 43 nömrəli uşaq bağçası
Bakı Şəhəri üzrə Təhsil İdarəsi;Səbail;Bakı şəhəri 46 nömrəli uşaq bağçası
Bakı Şəhəri üzrə Təhsil İdarəsi;Səbail;Bakı şəhəri 47 nömrəli uşaq bağçası
Bakı Şəhəri üzrə Təhsil İdarəsi;Səbail;Bakı şəhəri 70 nömrəli körpələr evi-uşaq bağçası
Bakı Şəhəri üzrə Təhsil İdarəsi;Səbail;Bakı şəhəri 85 nömrəli körpələr evi-uşaq bağçası
Bakı Şəhəri üzrə Təhsil İdarəsi;Səbail;Bakı şəhəri 91 nömrəli körpələr evi-uşaq bağçası
Bakı Şəhəri üzrə Təhsil İdarəsi;Suraxanı;"Bakı şəhəri ""Buta"" körpələr evi-uşaq bağçası"
Bakı Şəhəri üzrə Təhsil İdarəsi;Suraxanı;"Bakı şəhəri ""Göyərçin"" körpələr evi-uşaq bağçası"
Bakı Şəhəri üzrə Təhsil İdarəsi;Suraxanı;"Bakı şəhəri ""Şənlik"" körpələr evi-uşaq bağçası"
Bakı Şəhəri üzrə Təhsil İdarəsi;Suraxanı;"Bakı şəhəri ""Tumurcuq"" uşaq bağçası"
Bakı Şəhəri üzrə Təhsil İdarəsi;Suraxanı;Bakı şəhəri 126 nömrəli körpələr evi-uşaq bağçası
Bakı Şəhəri üzrə Təhsil İdarəsi;Suraxanı;Bakı şəhəri 14 nömrəli uşaq bağçası
Bakı Şəhəri üzrə Təhsil İdarəsi;Suraxanı;Bakı şəhəri 149 nömrəli körpələr evi-uşaq bağçası
Bakı Şəhəri üzrə Təhsil İdarəsi;Suraxanı;Bakı şəhəri 163 nömrəli körpələr evi-uşaq bağçası
Bakı Şəhəri üzrə Təhsil İdarəsi;Suraxanı;Bakı şəhəri 19 nömrəli körpələr evi-uşaq bağçası
Bakı Şəhəri üzrə Təhsil İdarəsi;Suraxanı;Bakı şəhəri 203 nömrəli körpələr evi-uşaq bağçası
Bakı Şəhəri üzrə Təhsil İdarəsi;Suraxanı;Bakı şəhəri 258 nömrəli körpələr evi-uşaq bağçası
Bakı Şəhəri üzrə Təhsil İdarəsi;Suraxanı;Bakı şəhəri 262 nömrəli körpələr evi-uşaq bağçası
Bakı Şəhəri üzrə Təhsil İdarəsi;Suraxanı;Bakı şəhəri 265 nömrəli körpələr evi-uşaq bağçası
Bakı Şəhəri üzrə Təhsil İdarəsi;Suraxanı;Bakı şəhəri 267 nömrəli körpələr evi-uşaq bağçası
Bakı Şəhəri üzrə Təhsil İdarəsi;Suraxanı;Bakı şəhəri 268 nömrəli körpələr evi-uşaq bağçası
Bakı Şəhəri üzrə Təhsil İdarəsi;Suraxanı;Bakı şəhəri 269 nömrəli körpələr evi-uşaq bağçası
Bakı Şəhəri üzrə Təhsil İdarəsi;Suraxanı;Bakı şəhəri 270 nömrəli körpələr evi-uşaq bağçası
Bakı Şəhəri üzrə Təhsil İdarəsi;Suraxanı;Bakı şəhəri 273 nömrəli körpələr evi-uşaq bağçası
Bakı Şəhəri üzrə Təhsil İdarəsi;Suraxanı;Bakı şəhəri 277 nömrəli körpələr evi-uşaq bağçası
Bakı Şəhəri üzrə Təhsil İdarəsi;Suraxanı;Bakı şəhəri 279 nömrəli körpələr evi-uşaq bağçası
Bakı Şəhəri üzrə Təhsil İdarəsi;Suraxanı;Bakı şəhəri 311 nömrəli uşaq bağçası
Bakı Şəhəri üzrə Təhsil İdarəsi;Suraxanı;Bakı şəhəri 312 nömrəli körpələr evi-uşaq bağçası
Bakı Şəhəri üzrə Təhsil İdarəsi;Suraxanı;Bakı şəhəri 313 nömrəli körpələr evi-uşaq bağçası
Bakı Şəhəri üzrə Təhsil İdarəsi;Suraxanı;Bakı şəhəri 323 nömrəli uşaq bağçası
Bakı Şəhəri üzrə Təhsil İdarəsi;Suraxanı;Bakı şəhəri 324 nömrəli körpələr evi-uşaq bağçası
Bakı Şəhəri üzrə Təhsil İdarəsi;Suraxanı;Bakı şəhəri 330 nömrəli körpələr evi-uşaq bağçası
Bakı Şəhəri üzrə Təhsil İdarəsi;Suraxanı;Bakı şəhəri 331 nömrəli körpələr evi uşaq bağçası
Bakı Şəhəri üzrə Təhsil İdarəsi;Suraxanı;Bakı şəhəri 338 nömrəli körpələr evi-uşaq bağçası
Bakı Şəhəri üzrə Təhsil İdarəsi;Suraxanı;Bakı şəhəri 353 nömrəli uşaq bağçası
Bakı Şəhəri üzrə Təhsil İdarəsi;Suraxanı;Bakı şəhəri 5 nömrəli körpələr evi-uşaq bağçası
Bakı Şəhəri üzrə Təhsil İdarəsi;Suraxanı;Bakı şəhəri Elşən Adıgözəlov adına 263 nömrəli körpələr evi-uşaq bağçası
Bakı Şəhəri üzrə Təhsil İdarəsi;Suraxanı;Bakı şəhəri Əlövsət Vəliyev adına körpələr evi-uşaq bağçası
Bakı Şəhəri üzrə Təhsil İdarəsi;Suraxanı;Bakı şəhəri Fərhad Şirinov adına 23 nömrəli körpələr evi-uşaq bağçası
Bakı Şəhəri üzrə Təhsil İdarəsi;Suraxanı;Bakı şəhəri Firdovsi Bağırov adına 280 nömrəli körpələr evi-uşaq bağçası
Bakı Şəhəri üzrə Təhsil İdarəsi;Suraxanı;Bakı şəhəri Qasım Qasımov adına körpələr evi-uşaq bağçası
Bakı Şəhəri üzrə Təhsil İdarəsi;Suraxanı;Bakı şəhəri Vahid Sadıxov adına 276 nömrəli uşaq bağçası
Bakı Şəhəri üzrə Təhsil İdarəsi;Suraxanı;Bakı şəhəri Vüqar Bayramov adına körpələr evi-uşaq bağçası
Bakı Şəhəri üzrə Təhsil İdarəsi;Yasamal;"Bakı şəhəri ""Xəzər"" körpələr evi-uşaq bağçası"
Bakı Şəhəri üzrə Təhsil İdarəsi;Yasamal;Bakı şəhəri 10 nömrəli körpələr evi-uşaq bağçası
Bakı Şəhəri üzrə Təhsil İdarəsi;Yasamal;Bakı şəhəri 11 nömrəli körpələr evi-uşaq bağçası
Bakı Şəhəri üzrə Təhsil İdarəsi;Yasamal;Bakı şəhəri 117 nömrəli körpələr evi-uşaq bağçası
Bakı Şəhəri üzrə Təhsil İdarəsi;Yasamal;Bakı şəhəri 12 nömrəli uşaq bağçası
Bakı Şəhəri üzrə Təhsil İdarəsi;Yasamal;Bakı şəhəri 121 nömrəli körpələr evi-uşaq bağçası
Bakı Şəhəri üzrə Təhsil İdarəsi;Yasamal;Bakı şəhəri 161 nömrəli uşaq bağçası
Bakı Şəhəri üzrə Təhsil İdarəsi;Yasamal;Bakı şəhəri 17 nömrəli körpələr evi-uşaq bağçasısı
Bakı Şəhəri üzrə Təhsil İdarəsi;Yasamal;Bakı şəhəri 184 nömrəli uşaq bağçası
Bakı Şəhəri üzrə Təhsil İdarəsi;Yasamal;Bakı şəhəri 201 nömrəli körpələr evi-uşaq bağçası
Bakı Şəhəri üzrə Təhsil İdarəsi;Yasamal;Bakı şəhəri 21 nömrəli körpələr evi-uşaq bağçası
Bakı Şəhəri üzrə Təhsil İdarəsi;Yasamal;Bakı şəhəri 27 nömrəli uşaq bağçası
Bakı Şəhəri üzrə Təhsil İdarəsi;Yasamal;Bakı şəhəri 290 nömrəli körpələr evi-uşaq bağçası
Bakı Şəhəri üzrə Təhsil İdarəsi;Yasamal;Bakı şəhəri 318 nömrəli körpələr evi-uşaq bağçası
Bakı Şəhəri üzrə Təhsil İdarəsi;Yasamal;Bakı şəhəri 32 nömrəli uşaq bağçası
Bakı Şəhəri üzrə Təhsil İdarəsi;Yasamal;Bakı şəhəri 325 nömrəli uşaq bağçası
Bakı Şəhəri üzrə Təhsil İdarəsi;Yasamal;Bakı şəhəri 34 nömrəli körpələr evi-uşaq bağçası
Bakı Şəhəri üzrə Təhsil İdarəsi;Yasamal;Bakı şəhəri 341 nömrəli körpələr evi-uşaq bağçası
Bakı Şəhəri üzrə Təhsil İdarəsi;Yasamal;Bakı şəhəri 345 nömrəli körpələr evi-uşaq bağçası
Bakı Şəhəri üzrə Təhsil İdarəsi;Yasamal;Bakı şəhəri 351 nömrəli uşaq bağçası
Bakı Şəhəri üzrə Təhsil İdarəsi;Yasamal;Bakı şəhəri 36 nömrəli körpələr evi-uşaq bağçası
Bakı Şəhəri üzrə Təhsil İdarəsi;Yasamal;Bakı şəhəri 38 nömrəli körpələr evi-uşaq bağçası
Bakı Şəhəri üzrə Təhsil İdarəsi;Yasamal;Bakı şəhəri 54 nömrəli körpələr evi-uşaq bağçası
Bakı Şəhəri üzrə Təhsil İdarəsi;Yasamal;Bakı şəhəri 60 nömrəli körpələr evi-uşaq bağçası
Bakı Şəhəri üzrə Təhsil İdarəsi;Yasamal;Bakı şəhəri 68 nömrəli körpələr evi-uşaq bağçası
Bakı Şəhəri üzrə Təhsil İdarəsi;Yasamal;Bakı şəhəri 77 nömrəli körpələr evi-uşaq bağçası
Bakı Şəhəri üzrə Təhsil İdarəsi;Yasamal;Bakı şəhəri 79 nömrəli körpələr evi-uşaq bağçası
Bakı Şəhəri üzrə Təhsil İdarəsi;Yasamal;Bakı şəhəri 82 nömrəli uşaq bağçası
Bakı Şəhəri üzrə Təhsil İdarəsi;Yasamal;Bakı şəhəri 93 nömrəli körpələr evi-uşaq bağçası
Bakı Şəhəri üzrə Təhsil İdarəsi;Yasamal;Bakı şəhəri 94 nömrəli körpələr evi-uşaq bağçası
Bakı Şəhəri üzrə Təhsil İdarəsi;Yasamal;Bakı şəhəri 98 nömrəli körpələr evi-uşaq bağçası
Bakı Şəhəri üzrə Təhsil İdarəsi;Yasamal;Bakı şəhəri 99 nömrəli körpələr evi-uşaq bağçası
